dataset,numelements,load_factor,sample_size,bucket_size,hashtable,model,reducer,payload,insert_nanoseconds_total,insert_nanoseconds_per_key,avg_lookup_nanoseconds_total,avg_lookup_nanoseconds_per_key,median_lookup_nanoseconds_total,median_lookup_nanoseconds_per_key,unsuccessful_lookup_percent,primary_key_ratio,empty_buckets,min_chain_length,max_chain_length,additional_buckets,empty_additional_slots,min_psl,max_psl,total_psl
consecutive_200M_uint64,200000000,0.980000,,8,cuckoo_8_balanced_kicking,radix_spline_err32_rbits18-murmur3_fin64_2,clamp-fast_modulo,16,51137051003,255.685255,55811857745,279.059289,55813239168,279.066196,0.000000,0.702838,,,,,,,,
consecutive_200M_uint64,200000000,0.980000,,8,cuckoo_8_balanced_kicking,radix_spline_err32_rbits18-murmur3_fin64_2,clamp-fast_modulo,64,75499821730,377.499109,70917685953,354.588430,70892726030,354.463630,0.000000,0.702838,,,,,,,,
consecutive_200M_uint64,200000000,0.980000,,8,cuckoo_8_biased_kicking_10,radix_spline_err32_rbits18-murmur3_fin64_2,clamp-fast_modulo,16,37113763310,185.568817,47743671615,238.718358,47737298520,238.686493,0.000000,0.991370,,,,,,,,
consecutive_200M_uint64,200000000,0.980000,,8,cuckoo_8_biased_kicking_10,radix_spline_err32_rbits18-murmur3_fin64_2,clamp-fast_modulo,64,65179799401,325.898997,61411397464,307.056987,61365696763,306.828484,0.000000,0.991370,,,,,,,,
consecutive_200M_uint64,200000000,0.980000,,8,cuckoo_8_balanced_kicking,pgm_hash_eps128_epsrec0-murmur3_fin64_2,clamp-fast_modulo,16,,,,,,,0.000000,,,,,,,,,
consecutive_200M_uint64,200000000,0.980000,,8,cuckoo_8_balanced_kicking,pgm_hash_eps128_epsrec0-murmur3_fin64_2,clamp-fast_modulo,64,,,,,,,0.000000,,,,,,,,,
consecutive_200M_uint64,200000000,0.980000,,8,cuckoo_8_biased_kicking_10,pgm_hash_eps128_epsrec0-murmur3_fin64_2,clamp-fast_modulo,16,39212109489,196.060547,48182941660,240.914708,48126006848,240.630034,0.000000,0.992703,,,,,,,,
consecutive_200M_uint64,200000000,0.980000,,8,cuckoo_8_biased_kicking_10,pgm_hash_eps128_epsrec0-murmur3_fin64_2,clamp-fast_modulo,64,67152802768,335.764014,62012031025,310.060155,61942804216,309.714021,0.000000,0.992703,,,,,,,,
consecutive_200M_uint64,200000000,0.980000,,8,cuckoo_8_balanced_kicking,pgm_hash_eps128_epsrec4-murmur3_fin64_2,clamp-fast_modulo,16,,,,,,,0.000000,,,,,,,,,
consecutive_200M_uint64,200000000,0.980000,,8,cuckoo_8_balanced_kicking,pgm_hash_eps128_epsrec4-murmur3_fin64_2,clamp-fast_modulo,64,,,,,,,0.000000,,,,,,,,,
consecutive_200M_uint64,200000000,0.980000,,8,cuckoo_8_biased_kicking_10,pgm_hash_eps128_epsrec4-murmur3_fin64_2,clamp-fast_modulo,16,37501459208,187.507296,46562995277,232.814976,46500573128,232.502866,0.000000,0.992703,,,,,,,,
consecutive_200M_uint64,200000000,0.980000,,8,cuckoo_8_biased_kicking_10,pgm_hash_eps128_epsrec4-murmur3_fin64_2,clamp-fast_modulo,64,66016761271,330.083806,60934996376,304.674982,60849442166,304.247211,0.000000,0.992703,,,,,,,,
consecutive_200M_uint64,200000000,0.950000,,8,cuckoo_8_balanced_kicking,radix_spline_err32_rbits18-murmur3_fin64_2,clamp-fast_modulo,16,47088093328,235.440467,54311046732,271.555234,54256578937,271.282895,0.000000,0.730472,,,,,,,,
consecutive_200M_uint64,200000000,0.950000,,8,cuckoo_8_balanced_kicking,radix_spline_err32_rbits18-murmur3_fin64_2,clamp-fast_modulo,64,71657473717,358.287369,71613866527,358.069333,71596691965,357.983460,0.000000,0.730472,,,,,,,,
consecutive_200M_uint64,200000000,0.950000,,8,cuckoo_8_biased_kicking_10,radix_spline_err32_rbits18-murmur3_fin64_2,clamp-fast_modulo,16,37399402034,186.997010,47118690854,235.593454,47007249519,235.036248,0.000000,0.999261,,,,,,,,
consecutive_200M_uint64,200000000,0.950000,,8,cuckoo_8_biased_kicking_10,radix_spline_err32_rbits18-murmur3_fin64_2,clamp-fast_modulo,64,65882800477,329.414002,62871529391,314.357647,62784085021,313.920425,0.000000,0.999261,,,,,,,,
consecutive_200M_uint64,200000000,0.950000,,8,cuckoo_8_balanced_kicking,pgm_hash_eps128_epsrec0-murmur3_fin64_2,clamp-fast_modulo,16,,,,,,,0.000000,,,,,,,,,
consecutive_200M_uint64,200000000,0.950000,,8,cuckoo_8_balanced_kicking,pgm_hash_eps128_epsrec0-murmur3_fin64_2,clamp-fast_modulo,64,,,,,,,0.000000,,,,,,,,,
consecutive_200M_uint64,200000000,0.950000,,8,cuckoo_8_biased_kicking_10,pgm_hash_eps128_epsrec0-murmur3_fin64_2,clamp-fast_modulo,16,38758798625,193.793993,48125356482,240.626782,48113067784,240.565339,0.000000,0.996225,,,,,,,,
consecutive_200M_uint64,200000000,0.950000,,8,cuckoo_8_biased_kicking_10,pgm_hash_eps128_epsrec0-murmur3_fin64_2,clamp-fast_modulo,64,66677920662,333.389603,62169010621,310.845053,62190270787,310.951354,0.000000,0.996225,,,,,,,,
consecutive_200M_uint64,200000000,0.950000,,8,cuckoo_8_balanced_kicking,pgm_hash_eps128_epsrec4-murmur3_fin64_2,clamp-fast_modulo,16,,,,,,,0.000000,,,,,,,,,
consecutive_200M_uint64,200000000,0.950000,,8,cuckoo_8_balanced_kicking,pgm_hash_eps128_epsrec4-murmur3_fin64_2,clamp-fast_modulo,64,,,,,,,0.000000,,,,,,,,,
consecutive_200M_uint64,200000000,0.950000,,8,cuckoo_8_biased_kicking_10,pgm_hash_eps128_epsrec4-murmur3_fin64_2,clamp-fast_modulo,16,37185578225,185.927891,46570033325,232.850167,46534276149,232.671381,0.000000,0.996225,,,,,,,,
consecutive_200M_uint64,200000000,0.950000,,8,cuckoo_8_biased_kicking_10,pgm_hash_eps128_epsrec4-murmur3_fin64_2,clamp-fast_modulo,64,65468975195,327.344876,60767242355,303.836212,60714606500,303.573033,0.000000,0.996225,,,,,,,,
fb_200M_uint64,200000000,0.980000,,8,cuckoo_8_balanced_kicking,radix_spline_err32_rbits18-murmur3_fin64_2,clamp-fast_modulo,16,,,,,,,0.000000,,,,,,,,,
fb_200M_uint64,200000000,0.980000,,8,cuckoo_8_balanced_kicking,radix_spline_err32_rbits18-murmur3_fin64_2,clamp-fast_modulo,64,,,,,,,0.000000,,,,,,,,,
fb_200M_uint64,200000000,0.980000,,8,cuckoo_8_biased_kicking_10,radix_spline_err32_rbits18-murmur3_fin64_2,clamp-fast_modulo,16,,,,,,,0.000000,,,,,,,,,
fb_200M_uint64,200000000,0.980000,,8,cuckoo_8_biased_kicking_10,radix_spline_err32_rbits18-murmur3_fin64_2,clamp-fast_modulo,64,,,,,,,0.000000,,,,,,,,,
fb_200M_uint64,200000000,0.980000,,8,cuckoo_8_balanced_kicking,pgm_hash_eps128_epsrec0-murmur3_fin64_2,clamp-fast_modulo,16,,,,,,,0.000000,,,,,,,,,
fb_200M_uint64,200000000,0.980000,,8,cuckoo_8_balanced_kicking,pgm_hash_eps128_epsrec0-murmur3_fin64_2,clamp-fast_modulo,64,,,,,,,0.000000,,,,,,,,,
fb_200M_uint64,200000000,0.980000,,8,cuckoo_8_biased_kicking_10,pgm_hash_eps128_epsrec0-murmur3_fin64_2,clamp-fast_modulo,16,,,,,,,0.000000,,,,,,,,,
fb_200M_uint64,200000000,0.980000,,8,cuckoo_8_biased_kicking_10,pgm_hash_eps128_epsrec0-murmur3_fin64_2,clamp-fast_modulo,64,,,,,,,0.000000,,,,,,,,,
fb_200M_uint64,200000000,0.980000,,8,cuckoo_8_balanced_kicking,pgm_hash_eps128_epsrec4-murmur3_fin64_2,clamp-fast_modulo,16,,,,,,,0.000000,,,,,,,,,
fb_200M_uint64,200000000,0.980000,,8,cuckoo_8_balanced_kicking,pgm_hash_eps128_epsrec4-murmur3_fin64_2,clamp-fast_modulo,64,,,,,,,0.000000,,,,,,,,,
fb_200M_uint64,200000000,0.980000,,8,cuckoo_8_biased_kicking_10,pgm_hash_eps128_epsrec4-murmur3_fin64_2,clamp-fast_modulo,16,,,,,,,0.000000,,,,,,,,,
fb_200M_uint64,200000000,0.980000,,8,cuckoo_8_biased_kicking_10,pgm_hash_eps128_epsrec4-murmur3_fin64_2,clamp-fast_modulo,64,,,,,,,0.000000,,,,,,,,,
fb_200M_uint64,200000000,0.950000,,8,cuckoo_8_balanced_kicking,radix_spline_err32_rbits18-murmur3_fin64_2,clamp-fast_modulo,16,,,,,,,0.000000,,,,,,,,,
fb_200M_uint64,200000000,0.950000,,8,cuckoo_8_balanced_kicking,radix_spline_err32_rbits18-murmur3_fin64_2,clamp-fast_modulo,64,,,,,,,0.000000,,,,,,,,,
fb_200M_uint64,200000000,0.950000,,8,cuckoo_8_biased_kicking_10,radix_spline_err32_rbits18-murmur3_fin64_2,clamp-fast_modulo,16,,,,,,,0.000000,,,,,,,,,
fb_200M_uint64,200000000,0.950000,,8,cuckoo_8_biased_kicking_10,radix_spline_err32_rbits18-murmur3_fin64_2,clamp-fast_modulo,64,,,,,,,0.000000,,,,,,,,,
fb_200M_uint64,200000000,0.950000,,8,cuckoo_8_balanced_kicking,pgm_hash_eps128_epsrec0-murmur3_fin64_2,clamp-fast_modulo,16,,,,,,,0.000000,,,,,,,,,
fb_200M_uint64,200000000,0.950000,,8,cuckoo_8_balanced_kicking,pgm_hash_eps128_epsrec0-murmur3_fin64_2,clamp-fast_modulo,64,,,,,,,0.000000,,,,,,,,,
fb_200M_uint64,200000000,0.950000,,8,cuckoo_8_biased_kicking_10,pgm_hash_eps128_epsrec0-murmur3_fin64_2,clamp-fast_modulo,16,,,,,,,0.000000,,,,,,,,,
fb_200M_uint64,200000000,0.950000,,8,cuckoo_8_biased_kicking_10,pgm_hash_eps128_epsrec0-murmur3_fin64_2,clamp-fast_modulo,64,,,,,,,0.000000,,,,,,,,,
fb_200M_uint64,200000000,0.950000,,8,cuckoo_8_balanced_kicking,pgm_hash_eps128_epsrec4-murmur3_fin64_2,clamp-fast_modulo,16,,,,,,,0.000000,,,,,,,,,
fb_200M_uint64,200000000,0.950000,,8,cuckoo_8_balanced_kicking,pgm_hash_eps128_epsrec4-murmur3_fin64_2,clamp-fast_modulo,64,,,,,,,0.000000,,,,,,,,,
fb_200M_uint64,200000000,0.950000,,8,cuckoo_8_biased_kicking_10,pgm_hash_eps128_epsrec4-murmur3_fin64_2,clamp-fast_modulo,16,,,,,,,0.000000,,,,,,,,,
fb_200M_uint64,200000000,0.950000,,8,cuckoo_8_biased_kicking_10,pgm_hash_eps128_epsrec4-murmur3_fin64_2,clamp-fast_modulo,64,,,,,,,0.000000,,,,,,,,,
gapped_10percent_200M_uint64,200000000,0.980000,,8,cuckoo_8_balanced_kicking,radix_spline_err32_rbits18-murmur3_fin64_2,clamp-fast_modulo,16,51002975545,255.014878,55335622951,276.678115,55348891334,276.744457,0.000000,0.690694,,,,,,,,
gapped_10percent_200M_uint64,200000000,0.980000,,8,cuckoo_8_balanced_kicking,radix_spline_err32_rbits18-murmur3_fin64_2,clamp-fast_modulo,64,78459002907,392.295015,73004185604,365.020928,73019384077,365.096920,0.000000,0.690694,,,,,,,,
gapped_10percent_200M_uint64,200000000,0.980000,,8,cuckoo_8_biased_kicking_10,radix_spline_err32_rbits18-murmur3_fin64_2,clamp-fast_modulo,16,43836688044,219.183440,50889039535,254.445198,50880729068,254.403645,0.000000,0.939031,,,,,,,,
gapped_10percent_200M_uint64,200000000,0.980000,,8,cuckoo_8_biased_kicking_10,radix_spline_err32_rbits18-murmur3_fin64_2,clamp-fast_modulo,64,74665123663,373.325618,67463827603,337.319138,67434978847,337.174894,0.000000,0.939031,,,,,,,,
gapped_10percent_200M_uint64,200000000,0.980000,,8,cuckoo_8_balanced_kicking,pgm_hash_eps128_epsrec0-murmur3_fin64_2,clamp-fast_modulo,16,52361631656,261.808158,55838699866,279.193499,55728436318,278.642182,0.000000,0.689387,,,,,,,,
gapped_10percent_200M_uint64,200000000,0.980000,,8,cuckoo_8_balanced_kicking,pgm_hash_eps128_epsrec0-murmur3_fin64_2,clamp-fast_modulo,64,80687473247,403.437366,72705611879,363.528059,72689128573,363.445643,0.000000,0.689387,,,,,,,,
gapped_10percent_200M_uint64,200000000,0.980000,,8,cuckoo_8_biased_kicking_10,pgm_hash_eps128_epsrec0-murmur3_fin64_2,clamp-fast_modulo,16,45703865092,228.519325,51391530682,256.957653,51405908280,257.029541,0.000000,0.937134,,,,,,,,
gapped_10percent_200M_uint64,200000000,0.980000,,8,cuckoo_8_biased_kicking_10,pgm_hash_eps128_epsrec0-murmur3_fin64_2,clamp-fast_modulo,64,75750069879,378.750349,66176095757,330.880479,66174761704,330.873809,0.000000,0.937134,,,,,,,,
gapped_10percent_200M_uint64,200000000,0.980000,,8,cuckoo_8_balanced_kicking,pgm_hash_eps128_epsrec4-murmur3_fin64_2,clamp-fast_modulo,16,49942993487,249.714967,54220298674,271.101493,54148892803,270.744464,0.000000,0.689387,,,,,,,,
gapped_10percent_200M_uint64,200000000,0.980000,,8,cuckoo_8_balanced_kicking,pgm_hash_eps128_epsrec4-murmur3_fin64_2,clamp-fast_modulo,64,79469831894,397.349159,70704368875,353.521844,70720756977,353.603785,0.000000,0.689387,,,,,,,,
gapped_10percent_200M_uint64,200000000,0.980000,,8,cuckoo_8_biased_kicking_10,pgm_hash_eps128_epsrec4-murmur3_fin64_2,clamp-fast_modulo,16,44433974387,222.169872,49753211322,248.766057,49799600219,248.998001,0.000000,0.937134,,,,,,,,
gapped_10percent_200M_uint64,200000000,0.980000,,8,cuckoo_8_biased_kicking_10,pgm_hash_eps128_epsrec4-murmur3_fin64_2,clamp-fast_modulo,64,74273512936,371.367565,65049940892,325.249704,64996307332,324.981537,0.000000,0.937134,,,,,,,,
gapped_10percent_200M_uint64,200000000,0.950000,,8,cuckoo_8_balanced_kicking,radix_spline_err32_rbits18-murmur3_fin64_2,clamp-fast_modulo,16,47252389485,236.261947,54494917380,272.474587,54467208860,272.336044,0.000000,0.719871,,,,,,,,
gapped_10percent_200M_uint64,200000000,0.950000,,8,cuckoo_8_balanced_kicking,radix_spline_err32_rbits18-murmur3_fin64_2,clamp-fast_modulo,64,72152759222,360.763796,72046450467,360.232252,72077862390,360.389312,0.000000,0.719871,,,,,,,,
gapped_10percent_200M_uint64,200000000,0.950000,,8,cuckoo_8_biased_kicking_10,radix_spline_err32_rbits18-murmur3_fin64_2,clamp-fast_modulo,16,38910551017,194.552755,49010973025,245.054865,48924503550,244.622518,0.000000,0.965289,,,,,,,,
gapped_10percent_200M_uint64,200000000,0.950000,,8,cuckoo_8_biased_kicking_10,radix_spline_err32_rbits18-murmur3_fin64_2,clamp-fast_modulo,64,68588012197,342.940061,65751345585,328.756728,65726756742,328.633784,0.000000,0.965289,,,,,,,,
gapped_10percent_200M_uint64,200000000,0.950000,,8,cuckoo_8_balanced_kicking,pgm_hash_eps128_epsrec0-murmur3_fin64_2,clamp-fast_modulo,16,46515847315,232.579237,54631752527,273.158763,54533275225,272.666376,0.000000,0.718697,,,,,,,,
gapped_10percent_200M_uint64,200000000,0.950000,,8,cuckoo_8_balanced_kicking,pgm_hash_eps128_epsrec0-murmur3_fin64_2,clamp-fast_modulo,64,74161754042,370.808770,71448827881,357.244139,71440278402,357.201392,0.000000,0.718697,,,,,,,,
gapped_10percent_200M_uint64,200000000,0.950000,,8,cuckoo_8_biased_kicking_10,pgm_hash_eps128_epsrec0-murmur3_fin64_2,clamp-fast_modulo,16,40546500693,202.732503,49853871232,249.269356,49860337359,249.301687,0.000000,0.963058,,,,,,,,
gapped_10percent_200M_uint64,200000000,0.950000,,8,cuckoo_8_biased_kicking_10,pgm_hash_eps128_epsrec0-murmur3_fin64_2,clamp-fast_modulo,64,68918441243,344.592206,64562161305,322.810807,64538935159,322.694676,0.000000,0.963058,,,,,,,,
gapped_10percent_200M_uint64,200000000,0.950000,,8,cuckoo_8_balanced_kicking,pgm_hash_eps128_epsrec4-murmur3_fin64_2,clamp-fast_modulo,16,44952862260,224.764311,53317010674,266.585053,53233624657,266.168123,0.000000,0.718697,,,,,,,,
gapped_10percent_200M_uint64,200000000,0.950000,,8,cuckoo_8_balanced_kicking,pgm_hash_eps128_epsrec4-murmur3_fin64_2,clamp-fast_modulo,64,73161539709,365.807699,69615823797,348.079119,69617944778,348.089724,0.000000,0.718697,,,,,,,,
gapped_10percent_200M_uint64,200000000,0.950000,,8,cuckoo_8_biased_kicking_10,pgm_hash_eps128_epsrec4-murmur3_fin64_2,clamp-fast_modulo,16,39254433471,196.272167,48244438681,241.222193,48217305067,241.086525,0.000000,0.963058,,,,,,,,
gapped_10percent_200M_uint64,200000000,0.950000,,8,cuckoo_8_biased_kicking_10,pgm_hash_eps128_epsrec4-murmur3_fin64_2,clamp-fast_modulo,64,67849870343,339.249352,63197125909,315.985630,63245663130,316.228316,0.000000,0.963058,,,,,,,,
gapped_1percent_200M_uint64,200000000,0.980000,,8,cuckoo_8_balanced_kicking,radix_spline_err32_rbits18-murmur3_fin64_2,clamp-fast_modulo,16,50455048209,252.275241,55105433051,275.527165,55111133085,275.555665,0.000000,0.701259,,,,,,,,
gapped_1percent_200M_uint64,200000000,0.980000,,8,cuckoo_8_balanced_kicking,radix_spline_err32_rbits18-murmur3_fin64_2,clamp-fast_modulo,64,77405363903,387.026820,72643197706,363.215989,72672230695,363.361153,0.000000,0.701259,,,,,,,,
gapped_1percent_200M_uint64,200000000,0.980000,,8,cuckoo_8_biased_kicking_10,radix_spline_err32_rbits18-murmur3_fin64_2,clamp-fast_modulo,16,37836991150,189.184956,47728187569,238.640938,47739981489,238.699907,0.000000,0.986278,,,,,,,,
gapped_1percent_200M_uint64,200000000,0.980000,,8,cuckoo_8_biased_kicking_10,radix_spline_err32_rbits18-murmur3_fin64_2,clamp-fast_modulo,64,67644227197,338.221136,63839024446,319.195122,63823209032,319.116045,0.000000,0.986278,,,,,,,,
gapped_1percent_200M_uint64,200000000,0.980000,,8,cuckoo_8_balanced_kicking,pgm_hash_eps128_epsrec0-murmur3_fin64_2,clamp-fast_modulo,16,51257401259,256.287006,55595561540,277.977808,55520014559,277.600073,0.000000,0.700836,,,,,,,,
gapped_1percent_200M_uint64,200000000,0.980000,,8,cuckoo_8_balanced_kicking,pgm_hash_eps128_epsrec0-murmur3_fin64_2,clamp-fast_modulo,64,79812310872,399.061554,72335156080,361.675780,72339036923,361.695185,0.000000,0.700836,,,,,,,,
gapped_1percent_200M_uint64,200000000,0.980000,,8,cuckoo_8_biased_kicking_10,pgm_hash_eps128_epsrec0-murmur3_fin64_2,clamp-fast_modulo,16,39318738384,196.593692,48292944963,241.464725,48232352807,241.161764,0.000000,0.991415,,,,,,,,
gapped_1percent_200M_uint64,200000000,0.980000,,8,cuckoo_8_biased_kicking_10,pgm_hash_eps128_epsrec0-murmur3_fin64_2,clamp-fast_modulo,64,67407820832,337.039104,62136373075,310.681865,62091113537,310.455568,0.000000,0.991415,,,,,,,,
gapped_1percent_200M_uint64,200000000,0.980000,,8,cuckoo_8_balanced_kicking,pgm_hash_eps128_epsrec4-murmur3_fin64_2,clamp-fast_modulo,16,49407851999,247.039260,54052850506,270.264253,54070208098,270.351040,0.000000,0.700836,,,,,,,,
gapped_1percent_200M_uint64,200000000,0.980000,,8,cuckoo_8_balanced_kicking,pgm_hash_eps128_epsrec4-murmur3_fin64_2,clamp-fast_modulo,64,78339482433,391.697412,70447776805,352.238884,70388868971,351.944345,0.000000,0.700836,,,,,,,,
gapped_1percent_200M_uint64,200000000,0.980000,,8,cuckoo_8_biased_kicking_10,pgm_hash_eps128_epsrec4-murmur3_fin64_2,clamp-fast_modulo,16,37781907077,188.909535,46645010784,233.225054,46545890255,232.729451,0.000000,0.991415,,,,,,,,
gapped_1percent_200M_uint64,200000000,0.980000,,8,cuckoo_8_biased_kicking_10,pgm_hash_eps128_epsrec4-murmur3_fin64_2,clamp-fast_modulo,64,65971024537,329.855123,61075881182,305.379406,61052452508,305.262263,0.000000,0.991415,,,,,,,,
gapped_1percent_200M_uint64,200000000,0.950000,,8,cuckoo_8_balanced_kicking,radix_spline_err32_rbits18-murmur3_fin64_2,clamp-fast_modulo,16,47230288103,236.151441,54251988269,271.259941,54130443786,270.652219,0.000000,0.729970,,,,,,,,
gapped_1percent_200M_uint64,200000000,0.950000,,8,cuckoo_8_balanced_kicking,radix_spline_err32_rbits18-murmur3_fin64_2,clamp-fast_modulo,64,71722015498,358.610077,71723120825,358.615604,71730182273,358.650911,0.000000,0.729970,,,,,,,,
gapped_1percent_200M_uint64,200000000,0.950000,,8,cuckoo_8_biased_kicking_10,radix_spline_err32_rbits18-murmur3_fin64_2,clamp-fast_modulo,16,37348197016,186.740985,47082156456,235.410782,46980370492,234.901852,0.000000,0.998579,,,,,,,,
gapped_1percent_200M_uint64,200000000,0.950000,,8,cuckoo_8_biased_kicking_10,radix_spline_err32_rbits18-murmur3_fin64_2,clamp-fast_modulo,64,66165875141,330.829376,63068093772,315.340469,63116203225,315.581016,0.000000,0.998579,,,,,,,,
gapped_1percent_200M_uint64,200000000,0.950000,,8,cuckoo_8_balanced_kicking,pgm_hash_eps128_epsrec0-murmur3_fin64_2,clamp-fast_modulo,16,46768286972,233.841435,54532624494,272.663122,54536789561,272.683948,0.000000,0.728769,,,,,,,,
gapped_1percent_200M_uint64,200000000,0.950000,,8,cuckoo_8_balanced_kicking,pgm_hash_eps128_epsrec0-murmur3_fin64_2,clamp-fast_modulo,64,74024991313,370.124957,71224403321,356.122017,71198526745,355.992634,0.000000,0.728769,,,,,,,,
gapped_1percent_200M_uint64,200000000,0.950000,,8,cuckoo_8_biased_kicking_10,pgm_hash_eps128_epsrec0-murmur3_fin64_2,clamp-fast_modulo,16,38575364517,192.876823,48098759744,240.493799,48071526442,240.357632,0.000000,0.996129,,,,,,,,
gapped_1percent_200M_uint64,200000000,0.950000,,8,cuckoo_8_biased_kicking_10,pgm_hash_eps128_epsrec0-murmur3_fin64_2,clamp-fast_modulo,64,66735768410,333.678842,62167663069,310.838315,62089257329,310.446287,0.000000,0.996129,,,,,,,,
gapped_1percent_200M_uint64,200000000,0.950000,,8,cuckoo_8_balanced_kicking,pgm_hash_eps128_epsrec4-murmur3_fin64_2,clamp-fast_modulo,16,44751455650,223.757278,53084005626,265.420028,52998634998,264.993175,0.000000,0.728769,,,,,,,,
gapped_1percent_200M_uint64,200000000,0.950000,,8,cuckoo_8_balanced_kicking,pgm_hash_eps128_epsrec4-murmur3_fin64_2,clamp-fast_modulo,64,72771857505,363.859288,69401151406,347.005757,69330992932,346.654965,0.000000,0.728769,,,,,,,,
gapped_1percent_200M_uint64,200000000,0.950000,,8,cuckoo_8_biased_kicking_10,pgm_hash_eps128_epsrec4-murmur3_fin64_2,clamp-fast_modulo,16,37422368831,187.111844,46533153434,232.665767,46473648966,232.368245,0.000000,0.996129,,,,,,,,
gapped_1percent_200M_uint64,200000000,0.950000,,8,cuckoo_8_biased_kicking_10,pgm_hash_eps128_epsrec4-murmur3_fin64_2,clamp-fast_modulo,64,65419387343,327.096937,60918898452,304.594492,60856357849,304.281789,0.000000,0.996129,,,,,,,,
normal_200M_uint64,200000000,0.980000,,8,cuckoo_8_balanced_kicking,radix_spline_err32_rbits18-murmur3_fin64_2,clamp-fast_modulo,16,47555339935,237.776700,53245145113,266.225726,53271243492,266.356217,0.000000,0.691076,,,,,,,,
normal_200M_uint64,200000000,0.980000,,8,cuckoo_8_balanced_kicking,radix_spline_err32_rbits18-murmur3_fin64_2,clamp-fast_modulo,64,73853162723,369.265814,70697713180,353.488566,70649977625,353.249888,0.000000,0.691076,,,,,,,,
normal_200M_uint64,200000000,0.980000,,8,cuckoo_8_biased_kicking_10,radix_spline_err32_rbits18-murmur3_fin64_2,clamp-fast_modulo,16,36737349052,183.686745,45381831285,226.909156,45476010756,227.380054,0.000000,0.990828,,,,,,,,
normal_200M_uint64,200000000,0.980000,,8,cuckoo_8_biased_kicking_10,radix_spline_err32_rbits18-murmur3_fin64_2,clamp-fast_modulo,64,65833967040,329.169835,61228220126,306.141101,61264592704,306.322964,0.000000,0.990828,,,,,,,,
normal_200M_uint64,200000000,0.980000,,8,cuckoo_8_balanced_kicking,pgm_hash_eps128_epsrec0-murmur3_fin64_2,clamp-fast_modulo,16,50488232007,252.441160,56177690820,280.888454,56042858413,280.214292,0.000000,0.689726,,,,,,,,
normal_200M_uint64,200000000,0.980000,,8,cuckoo_8_balanced_kicking,pgm_hash_eps128_epsrec0-murmur3_fin64_2,clamp-fast_modulo,64,78327651428,391.638257,73158353152,365.791766,73207538639,366.037693,0.000000,0.689726,,,,,,,,
normal_200M_uint64,200000000,0.980000,,8,cuckoo_8_biased_kicking_10,pgm_hash_eps128_epsrec0-murmur3_fin64_2,clamp-fast_modulo,16,40634890527,203.174453,49093938907,245.469695,49121618361,245.608092,0.000000,0.987796,,,,,,,,
normal_200M_uint64,200000000,0.980000,,8,cuckoo_8_biased_kicking_10,pgm_hash_eps128_epsrec0-murmur3_fin64_2,clamp-fast_modulo,64,68722890585,343.614453,63277949851,316.389749,63232001630,316.160008,0.000000,0.987796,,,,,,,,
normal_200M_uint64,200000000,0.980000,,8,cuckoo_8_balanced_kicking,pgm_hash_eps128_epsrec4-murmur3_fin64_2,clamp-fast_modulo,16,51377706699,256.888533,57008670419,285.043352,56915966600,284.579833,0.000000,0.689726,,,,,,,,
normal_200M_uint64,200000000,0.980000,,8,cuckoo_8_balanced_kicking,pgm_hash_eps128_epsrec4-murmur3_fin64_2,clamp-fast_modulo,64,79128010347,395.640052,73416727469,367.083637,73420772433,367.103862,0.000000,0.689726,,,,,,,,
normal_200M_uint64,200000000,0.980000,,8,cuckoo_8_biased_kicking_10,pgm_hash_eps128_epsrec4-murmur3_fin64_2,clamp-fast_modulo,16,40209476557,201.047383,49927011363,249.635057,49864480644,249.322403,0.000000,0.987796,,,,,,,,
normal_200M_uint64,200000000,0.980000,,8,cuckoo_8_biased_kicking_10,pgm_hash_eps128_epsrec4-murmur3_fin64_2,clamp-fast_modulo,64,69202073001,346.010365,64129647374,320.648237,64204918807,321.024594,0.000000,0.987796,,,,,,,,
normal_200M_uint64,200000000,0.950000,,8,cuckoo_8_balanced_kicking,radix_spline_err32_rbits18-murmur3_fin64_2,clamp-fast_modulo,16,45712594740,228.562974,52635854607,263.179273,52664934543,263.324673,0.000000,0.714469,,,,,,,,
normal_200M_uint64,200000000,0.950000,,8,cuckoo_8_balanced_kicking,radix_spline_err32_rbits18-murmur3_fin64_2,clamp-fast_modulo,64,69950692028,349.753460,69880559555,349.402798,69899779293,349.498896,0.000000,0.714469,,,,,,,,
normal_200M_uint64,200000000,0.950000,,8,cuckoo_8_biased_kicking_10,radix_spline_err32_rbits18-murmur3_fin64_2,clamp-fast_modulo,16,36833891237,184.169456,45083122408,225.415612,45071965049,225.359825,0.000000,0.998913,,,,,,,,
normal_200M_uint64,200000000,0.950000,,8,cuckoo_8_biased_kicking_10,radix_spline_err32_rbits18-murmur3_fin64_2,clamp-fast_modulo,64,64713971201,323.569856,60763129017,303.815645,60738932453,303.694662,0.000000,0.998913,,,,,,,,
normal_200M_uint64,200000000,0.950000,,8,cuckoo_8_balanced_kicking,pgm_hash_eps128_epsrec0-murmur3_fin64_2,clamp-fast_modulo,16,47071635328,235.358177,55400447802,277.002239,55338343119,276.691716,0.000000,0.713063,,,,,,,,
normal_200M_uint64,200000000,0.950000,,8,cuckoo_8_balanced_kicking,pgm_hash_eps128_epsrec0-murmur3_fin64_2,clamp-fast_modulo,64,74078218662,370.391093,72290933337,361.454667,72303032970,361.515165,0.000000,0.713063,,,,,,,,
normal_200M_uint64,200000000,0.950000,,8,cuckoo_8_biased_kicking_10,pgm_hash_eps128_epsrec0-murmur3_fin64_2,clamp-fast_modulo,16,39993844860,199.969224,48905203459,244.526017,48920100913,244.600505,0.000000,0.994590,,,,,,,,
normal_200M_uint64,200000000,0.950000,,8,cuckoo_8_biased_kicking_10,pgm_hash_eps128_epsrec0-murmur3_fin64_2,clamp-fast_modulo,64,67930163215,339.650816,63233171353,316.165857,63165436735,315.827184,0.000000,0.994590,,,,,,,,
normal_200M_uint64,200000000,0.950000,,8,cuckoo_8_balanced_kicking,pgm_hash_eps128_epsrec4-murmur3_fin64_2,clamp-fast_modulo,16,48188234340,240.941172,56416318143,282.081591,56329927317,281.649637,0.000000,0.713063,,,,,,,,
normal_200M_uint64,200000000,0.950000,,8,cuckoo_8_balanced_kicking,pgm_hash_eps128_epsrec4-murmur3_fin64_2,clamp-fast_modulo,64,74935123754,374.675619,72808961628,364.044808,72803813071,364.019065,0.000000,0.713063,,,,,,,,
normal_200M_uint64,200000000,0.950000,,8,cuckoo_8_biased_kicking_10,pgm_hash_eps128_epsrec4-murmur3_fin64_2,clamp-fast_modulo,16,39749393340,198.746967,49679387437,248.396937,49639417716,248.197089,0.000000,0.994590,,,,,,,,
normal_200M_uint64,200000000,0.950000,,8,cuckoo_8_biased_kicking_10,pgm_hash_eps128_epsrec4-murmur3_fin64_2,clamp-fast_modulo,64,68490093807,342.450469,64019446352,320.097232,63990633740,319.953169,0.000000,0.994590,,,,,,,,
osm_cellids_200M_uint64,200000000,0.980000,,8,cuckoo_8_balanced_kicking,radix_spline_err32_rbits18-murmur3_fin64_2,clamp-fast_modulo,16,,,,,,,0.000000,,,,,,,,,
osm_cellids_200M_uint64,200000000,0.980000,,8,cuckoo_8_balanced_kicking,radix_spline_err32_rbits18-murmur3_fin64_2,clamp-fast_modulo,64,,,,,,,0.000000,,,,,,,,,
osm_cellids_200M_uint64,200000000,0.980000,,8,cuckoo_8_biased_kicking_10,radix_spline_err32_rbits18-murmur3_fin64_2,clamp-fast_modulo,16,,,,,,,0.000000,,,,,,,,,
osm_cellids_200M_uint64,200000000,0.980000,,8,cuckoo_8_biased_kicking_10,radix_spline_err32_rbits18-murmur3_fin64_2,clamp-fast_modulo,64,,,,,,,0.000000,,,,,,,,,
osm_cellids_200M_uint64,200000000,0.980000,,8,cuckoo_8_balanced_kicking,pgm_hash_eps256_epsrec0-murmur3_fin64_2,clamp-fast_modulo,16,,,,,,,0.000000,,,,,,,,,
osm_cellids_200M_uint64,200000000,0.980000,,8,cuckoo_8_balanced_kicking,pgm_hash_eps256_epsrec0-murmur3_fin64_2,clamp-fast_modulo,64,,,,,,,0.000000,,,,,,,,,
osm_cellids_200M_uint64,200000000,0.980000,,8,cuckoo_8_biased_kicking_10,pgm_hash_eps256_epsrec0-murmur3_fin64_2,clamp-fast_modulo,16,,,,,,,0.000000,,,,,,,,,
osm_cellids_200M_uint64,200000000,0.980000,,8,cuckoo_8_biased_kicking_10,pgm_hash_eps256_epsrec0-murmur3_fin64_2,clamp-fast_modulo,64,,,,,,,0.000000,,,,,,,,,
osm_cellids_200M_uint64,200000000,0.980000,,8,cuckoo_8_balanced_kicking,pgm_hash_eps512_epsrec4-murmur3_fin64_2,clamp-fast_modulo,16,,,,,,,0.000000,,,,,,,,,
osm_cellids_200M_uint64,200000000,0.980000,,8,cuckoo_8_balanced_kicking,pgm_hash_eps512_epsrec4-murmur3_fin64_2,clamp-fast_modulo,64,,,,,,,0.000000,,,,,,,,,
osm_cellids_200M_uint64,200000000,0.980000,,8,cuckoo_8_biased_kicking_10,pgm_hash_eps512_epsrec4-murmur3_fin64_2,clamp-fast_modulo,16,,,,,,,0.000000,,,,,,,,,
osm_cellids_200M_uint64,200000000,0.980000,,8,cuckoo_8_biased_kicking_10,pgm_hash_eps512_epsrec4-murmur3_fin64_2,clamp-fast_modulo,64,,,,,,,0.000000,,,,,,,,,
osm_cellids_200M_uint64,200000000,0.950000,,8,cuckoo_8_balanced_kicking,radix_spline_err32_rbits18-murmur3_fin64_2,clamp-fast_modulo,16,,,,,,,0.000000,,,,,,,,,
osm_cellids_200M_uint64,200000000,0.950000,,8,cuckoo_8_balanced_kicking,radix_spline_err32_rbits18-murmur3_fin64_2,clamp-fast_modulo,64,,,,,,,0.000000,,,,,,,,,
osm_cellids_200M_uint64,200000000,0.950000,,8,cuckoo_8_biased_kicking_10,radix_spline_err32_rbits18-murmur3_fin64_2,clamp-fast_modulo,16,,,,,,,0.000000,,,,,,,,,
osm_cellids_200M_uint64,200000000,0.950000,,8,cuckoo_8_biased_kicking_10,radix_spline_err32_rbits18-murmur3_fin64_2,clamp-fast_modulo,64,,,,,,,0.000000,,,,,,,,,
osm_cellids_200M_uint64,200000000,0.950000,,8,cuckoo_8_balanced_kicking,pgm_hash_eps256_epsrec0-murmur3_fin64_2,clamp-fast_modulo,16,,,,,,,0.000000,,,,,,,,,
osm_cellids_200M_uint64,200000000,0.950000,,8,cuckoo_8_balanced_kicking,pgm_hash_eps256_epsrec0-murmur3_fin64_2,clamp-fast_modulo,64,,,,,,,0.000000,,,,,,,,,
osm_cellids_200M_uint64,200000000,0.950000,,8,cuckoo_8_biased_kicking_10,pgm_hash_eps256_epsrec0-murmur3_fin64_2,clamp-fast_modulo,16,,,,,,,0.000000,,,,,,,,,
osm_cellids_200M_uint64,200000000,0.950000,,8,cuckoo_8_biased_kicking_10,pgm_hash_eps256_epsrec0-murmur3_fin64_2,clamp-fast_modulo,64,,,,,,,0.000000,,,,,,,,,
osm_cellids_200M_uint64,200000000,0.950000,,8,cuckoo_8_balanced_kicking,pgm_hash_eps512_epsrec4-murmur3_fin64_2,clamp-fast_modulo,16,,,,,,,0.000000,,,,,,,,,
osm_cellids_200M_uint64,200000000,0.950000,,8,cuckoo_8_balanced_kicking,pgm_hash_eps512_epsrec4-murmur3_fin64_2,clamp-fast_modulo,64,,,,,,,0.000000,,,,,,,,,
osm_cellids_200M_uint64,200000000,0.950000,,8,cuckoo_8_biased_kicking_10,pgm_hash_eps512_epsrec4-murmur3_fin64_2,clamp-fast_modulo,16,,,,,,,0.000000,,,,,,,,,
osm_cellids_200M_uint64,200000000,0.950000,,8,cuckoo_8_biased_kicking_10,pgm_hash_eps512_epsrec4-murmur3_fin64_2,clamp-fast_modulo,64,,,,,,,0.000000,,,,,,,,,
wiki_ts_200M_uint64,90437011,0.980000,,8,cuckoo_8_balanced_kicking,radix_spline_err32_rbits18-murmur3_fin64_2,clamp-fast_modulo,16,23332260220,257.994597,24200762060,267.597987,24214868037,267.753962,0.000000,0.656137,,,,,,,,
wiki_ts_200M_uint64,90437011,0.980000,,8,cuckoo_8_balanced_kicking,radix_spline_err32_rbits18-murmur3_fin64_2,clamp-fast_modulo,64,32365142287,357.874967,29074419351,321.488061,29040711479,321.115339,0.000000,0.656137,,,,,,,,
wiki_ts_200M_uint64,90437011,0.980000,,8,cuckoo_8_biased_kicking_10,radix_spline_err32_rbits18-murmur3_fin64_2,clamp-fast_modulo,16,24405745401,269.864573,23322532545,257.887034,23288287348,257.508371,0.000000,0.879106,,,,,,,,
wiki_ts_200M_uint64,90437011,0.980000,,8,cuckoo_8_biased_kicking_10,radix_spline_err32_rbits18-murmur3_fin64_2,clamp-fast_modulo,64,36831617890,407.262663,27857275799,308.029594,27858936853,308.047961,0.000000,0.879106,,,,,,,,
wiki_ts_200M_uint64,90437011,0.980000,,8,cuckoo_8_balanced_kicking,pgm_hash_eps128_epsrec0-murmur3_fin64_2,clamp-fast_modulo,16,23926561644,264.566038,24700323539,273.121848,24720385773,273.343684,0.000000,0.650008,,,,,,,,
wiki_ts_200M_uint64,90437011,0.980000,,8,cuckoo_8_balanced_kicking,pgm_hash_eps128_epsrec0-murmur3_fin64_2,clamp-fast_modulo,64,34377249509,380.123681,29586468771,327.150007,29583120186,327.112980,0.000000,0.650008,,,,,,,,
wiki_ts_200M_uint64,90437011,0.980000,,8,cuckoo_8_biased_kicking_10,pgm_hash_eps128_epsrec0-murmur3_fin64_2,clamp-fast_modulo,16,28066405520,310.342029,23921151058,264.506210,23951124951,264.837644,0.000000,0.872206,,,,,,,,
wiki_ts_200M_uint64,90437011,0.980000,,8,cuckoo_8_biased_kicking_10,pgm_hash_eps128_epsrec0-murmur3_fin64_2,clamp-fast_modulo,64,40072757272,443.101301,27572147267,304.876808,27556332180,304.701934,0.000000,0.872206,,,,,,,,
wiki_ts_200M_uint64,90437011,0.980000,,8,cuckoo_8_balanced_kicking,pgm_hash_eps128_epsrec4-murmur3_fin64_2,clamp-fast_modulo,16,24697504655,273.090678,25444737621,281.353147,25458467992,281.504969,0.000000,0.650008,,,,,,,,
wiki_ts_200M_uint64,90437011,0.980000,,8,cuckoo_8_balanced_kicking,pgm_hash_eps128_epsrec4-murmur3_fin64_2,clamp-fast_modulo,64,35381470996,391.227779,30191669646,333.841967,30199557283,333.929184,0.000000,0.650008,,,,,,,,
wiki_ts_200M_uint64,90437011,0.980000,,8,cuckoo_8_biased_kicking_10,pgm_hash_eps128_epsrec4-murmur3_fin64_2,clamp-fast_modulo,16,29284496474,323.810972,24546420932,271.420082,24545676825,271.411854,0.000000,0.872206,,,,,,,,
wiki_ts_200M_uint64,90437011,0.980000,,8,cuckoo_8_biased_kicking_10,pgm_hash_eps128_epsrec4-murmur3_fin64_2,clamp-fast_modulo,64,41876999099,463.051561,28620603285,316.470027,28628659076,316.559103,0.000000,0.872206,,,,,,,,
wiki_ts_200M_uint64,90437011,0.950000,,8,cuckoo_8_balanced_kicking,radix_spline_err32_rbits18-murmur3_fin64_2,clamp-fast_modulo,16,20672644174,228.586106,23813289601,263.313541,23827880120,263.474874,0.000000,0.692294,,,,,,,,
wiki_ts_200M_uint64,90437011,0.950000,,8,cuckoo_8_balanced_kicking,radix_spline_err32_rbits18-murmur3_fin64_2,clamp-fast_modulo,64,28934903771,319.945379,28626836670,316.538952,28618659348,316.448532,0.000000,0.692294,,,,,,,,
wiki_ts_200M_uint64,90437011,0.950000,,8,cuckoo_8_biased_kicking_10,radix_spline_err32_rbits18-murmur3_fin64_2,clamp-fast_modulo,16,18429077308,203.778045,22554622305,249.395928,22563586605,249.495050,0.000000,0.908717,,,,,,,,
wiki_ts_200M_uint64,90437011,0.950000,,8,cuckoo_8_biased_kicking_10,radix_spline_err32_rbits18-murmur3_fin64_2,clamp-fast_modulo,64,29440921008,325.540624,27087218020,299.514742,27109183839,299.757627,0.000000,0.908717,,,,,,,,
wiki_ts_200M_uint64,90437011,0.950000,,8,cuckoo_8_balanced_kicking,pgm_hash_eps128_epsrec0-murmur3_fin64_2,clamp-fast_modulo,16,20583889660,227.604710,24299734138,268.692362,24296340265,268.654835,0.000000,0.688013,,,,,,,,
wiki_ts_200M_uint64,90437011,0.950000,,8,cuckoo_8_balanced_kicking,pgm_hash_eps128_epsrec0-murmur3_fin64_2,clamp-fast_modulo,64,30712348270,339.599329,28454452305,314.632826,28469764026,314.802134,0.000000,0.688013,,,,,,,,
wiki_ts_200M_uint64,90437011,0.950000,,8,cuckoo_8_biased_kicking_10,pgm_hash_eps128_epsrec0-murmur3_fin64_2,clamp-fast_modulo,16,20129559660,222.580992,23189562958,256.416734,23210601149,256.649362,0.000000,0.901805,,,,,,,,
wiki_ts_200M_uint64,90437011,0.950000,,8,cuckoo_8_biased_kicking_10,pgm_hash_eps128_epsrec0-murmur3_fin64_2,clamp-fast_modulo,64,31073970342,343.597936,27238777991,301.190604,27231727362,301.112642,0.000000,0.901805,,,,,,,,
wiki_ts_200M_uint64,90437011,0.950000,,8,cuckoo_8_balanced_kicking,pgm_hash_eps128_epsrec4-murmur3_fin64_2,clamp-fast_modulo,16,21322073827,235.767122,25025611821,276.718697,25013756073,276.587603,0.000000,0.688013,,,,,,,,
wiki_ts_200M_uint64,90437011,0.950000,,8,cuckoo_8_balanced_kicking,pgm_hash_eps128_epsrec4-murmur3_fin64_2,clamp-fast_modulo,64,31142924493,344.360391,29505212668,326.251524,29508123387,326.283709,0.000000,0.688013,,,,,,,,
wiki_ts_200M_uint64,90437011,0.950000,,8,cuckoo_8_biased_kicking_10,pgm_hash_eps128_epsrec4-murmur3_fin64_2,clamp-fast_modulo,16,20492011265,226.588772,23943325535,264.751403,23930587803,264.610556,0.000000,0.901805,,,,,,,,
wiki_ts_200M_uint64,90437011,0.950000,,8,cuckoo_8_biased_kicking_10,pgm_hash_eps128_epsrec4-murmur3_fin64_2,clamp-fast_modulo,64,32066697782,354.574940,27903350801,308.539065,27900149272,308.503664,0.000000,0.901805,,,,,,,,
consecutive_200M_uint64,200000000,1.333333,,1,chained,radix_spline_err32_rbits18,clamp,16,15996491577,79.982458,45553075715,227.765379,45561329997,227.806650,0.000000,,74,0,1,50000074,0,,,
consecutive_200M_uint64,200000000,1.333333,,1,chained,radix_spline_err32_rbits18,clamp,64,21728154156,108.640771,54453207467,272.266037,54451957300,272.259787,0.000000,,74,0,1,50000074,0,,,
consecutive_200M_uint64,200000000,1.333333,,4,chained,radix_spline_err32_rbits18,clamp,16,16281574264,81.407871,46278085064,231.390425,46277795902,231.388980,0.000000,,74,0,1,50000074,150000222,,,
consecutive_200M_uint64,200000000,1.333333,,4,chained,radix_spline_err32_rbits18,clamp,64,25915489138,129.577446,56595433929,282.977170,56595760131,282.978801,0.000000,,74,0,1,50000074,150000222,,,
consecutive_200M_uint64,200000000,1.333333,,1,chained,pgm_hash_eps128_epsrec0,clamp,16,25584351233,127.921756,50354714603,251.773573,50201177832,251.005889,0.000000,,691326,0,12191,50691326,0,,,
consecutive_200M_uint64,200000000,1.333333,,1,chained,pgm_hash_eps128_epsrec0,clamp,64,29982560774,149.912804,60532360725,302.661804,60929452650,304.647263,0.000000,,691326,0,12191,50691326,0,,,
consecutive_200M_uint64,200000000,1.333333,,4,chained,pgm_hash_eps128_epsrec0,clamp,16,23898674550,119.493373,48993717522,244.968588,48869737113,244.348686,0.000000,,691326,0,3048,50476875,151216174,,,
consecutive_200M_uint64,200000000,1.333333,,4,chained,pgm_hash_eps128_epsrec0,clamp,64,30516599556,152.582998,59193545285,295.967726,59731290811,298.656454,0.000000,,691326,0,3048,50476875,151216174,,,
consecutive_200M_uint64,200000000,1.333333,,1,chained,pgm_hash_eps128_epsrec4,clamp,16,22168461173,110.842306,48629868588,243.149343,48622289791,243.111449,0.000000,,691326,0,12191,50691326,0,,,
consecutive_200M_uint64,200000000,1.333333,,1,chained,pgm_hash_eps128_epsrec4,clamp,64,28518268814,142.591344,59133548790,295.667744,59429483830,297.147419,0.000000,,691326,0,12191,50691326,0,,,
consecutive_200M_uint64,200000000,1.333333,,4,chained,pgm_hash_eps128_epsrec4,clamp,16,21955315859,109.776579,47338255555,236.691278,47336710843,236.683554,0.000000,,691326,0,3048,50476875,151216174,,,
consecutive_200M_uint64,200000000,1.333333,,4,chained,pgm_hash_eps128_epsrec4,clamp,64,30111692367,150.558462,57896188497,289.480942,58491446498,292.457232,0.000000,,691326,0,3048,50476875,151216174,,,
consecutive_200M_uint64,200000000,1.000000,,1,chained,radix_spline_err32_rbits18,clamp,16,12573014518,62.865073,41156149046,205.780745,41461608722,207.308044,0.000000,,2258351,0,1,2258351,0,,,
consecutive_200M_uint64,200000000,1.000000,,1,chained,radix_spline_err32_rbits18,clamp,64,18863449776,94.317249,53418653806,267.093269,53877857130,269.389286,0.000000,,2258351,0,1,2258351,0,,,
consecutive_200M_uint64,200000000,1.000000,,4,chained,radix_spline_err32_rbits18,clamp,16,11652476461,58.262382,41335043604,206.675218,41473556668,207.367783,0.000000,,2258351,0,1,2258351,6775053,,,
consecutive_200M_uint64,200000000,1.000000,,4,chained,radix_spline_err32_rbits18,clamp,64,18714783574,93.573918,54887169287,274.435846,54923684788,274.618424,0.000000,,2258351,0,1,2258351,6775053,,,
consecutive_200M_uint64,200000000,1.000000,,1,chained,pgm_hash_eps128_epsrec0,clamp,16,18803747466,94.018737,45668229662,228.341148,45586586948,227.932935,0.000000,,10414476,0,12190,10414476,0,,,
consecutive_200M_uint64,200000000,1.000000,,1,chained,pgm_hash_eps128_epsrec0,clamp,64,26399375553,131.996878,58313896335,291.569482,58608802790,293.044014,0.000000,,10414476,0,12190,10414476,0,,,
consecutive_200M_uint64,200000000,1.000000,,4,chained,pgm_hash_eps128_epsrec0,clamp,16,18165486876,90.827434,44105251222,220.526256,44103627030,220.518135,0.000000,,10414476,0,3048,10365892,31049092,,,
consecutive_200M_uint64,200000000,1.000000,,4,chained,pgm_hash_eps128_epsrec0,clamp,64,24769198673,123.845993,55575143488,277.875717,55499052354,277.495262,0.000000,,10414476,0,3048,10365892,31049092,,,
consecutive_200M_uint64,200000000,1.000000,,1,chained,pgm_hash_eps128_epsrec4,clamp,16,17470573563,87.352868,43917649238,219.588246,43978491957,219.892460,0.000000,,10414476,0,12190,10414476,0,,,
consecutive_200M_uint64,200000000,1.000000,,1,chained,pgm_hash_eps128_epsrec4,clamp,64,24395699703,121.978499,56230009109,281.150046,56345055301,281.725277,0.000000,,10414476,0,12190,10414476,0,,,
consecutive_200M_uint64,200000000,1.000000,,4,chained,pgm_hash_eps128_epsrec4,clamp,16,16263241903,81.316210,42525469760,212.627349,42525023508,212.625118,0.000000,,10414476,0,3048,10365892,31049092,,,
consecutive_200M_uint64,200000000,1.000000,,4,chained,pgm_hash_eps128_epsrec4,clamp,64,22281867767,111.409339,53835925348,269.179627,54306461663,271.532308,0.000000,,10414476,0,3048,10365892,31049092,,,
consecutive_200M_uint64,200000000,0.800000,,1,chained,radix_spline_err32_rbits18,clamp,16,12766579182,63.832896,42302764802,211.513824,42356915344,211.784577,0.000000,,50000000,0,0,0,0,,,
consecutive_200M_uint64,200000000,0.800000,,1,chained,radix_spline_err32_rbits18,clamp,64,20176071214,100.880356,55535308636,277.676543,55599953071,277.999765,0.000000,,50000000,0,0,0,0,,,
consecutive_200M_uint64,200000000,0.800000,,4,chained,radix_spline_err32_rbits18,clamp,16,12034792321,60.173962,42579248761,212.896244,42219503571,211.097518,0.000000,,50000000,0,0,0,0,,,
consecutive_200M_uint64,200000000,0.800000,,4,chained,radix_spline_err32_rbits18,clamp,64,22683223512,113.416118,63656586816,318.282934,63750425131,318.752126,0.000000,,50000000,0,0,0,0,,,
consecutive_200M_uint64,200000000,0.800000,,1,chained,pgm_hash_eps128_epsrec0,clamp,16,19163969811,95.819849,45971726583,229.858633,46180042030,230.900210,0.000000,,51202970,0,12190,1202970,0,,,
consecutive_200M_uint64,200000000,0.800000,,1,chained,pgm_hash_eps128_epsrec0,clamp,64,24972059746,124.860299,58028496892,290.142484,58064712169,290.323561,0.000000,,51202970,0,12190,1202970,0,,,
consecutive_200M_uint64,200000000,0.800000,,4,chained,pgm_hash_eps128_epsrec0,clamp,16,16453887918,82.269440,43671046143,218.355231,43579738648,217.898693,0.000000,,51202970,0,3048,1190496,3559014,,,
consecutive_200M_uint64,200000000,0.800000,,4,chained,pgm_hash_eps128_epsrec0,clamp,64,23689276402,118.446382,56229136445,281.145682,56372894872,281.864474,0.000000,,51202970,0,3048,1190496,3559014,,,
consecutive_200M_uint64,200000000,0.800000,,1,chained,pgm_hash_eps128_epsrec4,clamp,16,16388583588,81.942918,43771933616,218.859668,43868022747,219.340114,0.000000,,51202970,0,12190,1202970,0,,,
consecutive_200M_uint64,200000000,0.800000,,1,chained,pgm_hash_eps128_epsrec4,clamp,64,23825365582,119.126828,56551559351,282.757797,56577275023,282.886375,0.000000,,51202970,0,12190,1202970,0,,,
consecutive_200M_uint64,200000000,0.800000,,4,chained,pgm_hash_eps128_epsrec4,clamp,16,15060644303,75.303222,42296614189,211.483071,42258429602,211.292148,0.000000,,51202970,0,3048,1190496,3559014,,,
consecutive_200M_uint64,200000000,0.800000,,4,chained,pgm_hash_eps128_epsrec4,clamp,64,22604884945,113.024425,54961426771,274.807134,54942393512,274.711968,0.000000,,51202970,0,3048,1190496,3559014,,,
wiki_ts_200M_uint64,90437011,1.333333,,1,chained,radix_spline_err32_rbits18,clamp,16,9043587682,99.998746,21742266262,240.413366,21710794372,240.065369,0.000000,,7452895,0,42,30062148,0,,,
wiki_ts_200M_uint64,90437011,1.333333,,1,chained,radix_spline_err32_rbits18,clamp,64,10998508474,121.615126,23521139499,260.083115,23507446400,259.931704,0.000000,,7452895,0,42,30062148,0,,,
wiki_ts_200M_uint64,90437011,1.333333,,4,chained,radix_spline_err32_rbits18,clamp,16,8982641870,99.324842,22052370522,243.842319,22109375234,244.472644,0.000000,,7452895,0,11,27836490,81283812,,,
wiki_ts_200M_uint64,90437011,1.333333,,4,chained,radix_spline_err32_rbits18,clamp,64,12162058949,134.480992,24660349569,272.679839,24557466423,271.542217,0.000000,,7452895,0,11,27836490,81283812,,,
wiki_ts_200M_uint64,90437011,1.333333,,1,chained,pgm_hash_eps128_epsrec0,clamp,16,13921479282,153.935641,24166497480,267.219109,24198942363,267.577865,0.000000,,7695864,0,11446,30305117,0,,,
wiki_ts_200M_uint64,90437011,1.333333,,1,chained,pgm_hash_eps128_epsrec0,clamp,64,15964948016,176.531133,26727606754,295.538369,26789804061,296.226111,0.000000,,7695864,0,11446,30305117,0,,,
wiki_ts_200M_uint64,90437011,1.333333,,4,chained,pgm_hash_eps128_epsrec0,clamp,16,12491728313,138.126285,22892938118,253.136828,22893224290,253.139993,0.000000,,7695864,0,2862,27809969,80934759,,,
wiki_ts_200M_uint64,90437011,1.333333,,4,chained,pgm_hash_eps128_epsrec0,clamp,64,14885335816,164.593408,25314197905,279.909714,25289682927,279.638642,0.000000,,7695864,0,2862,27809969,80934759,,,
wiki_ts_200M_uint64,90437011,1.333333,,1,chained,pgm_hash_eps128_epsrec4,clamp,16,14792806197,163.570269,24757320304,273.752085,24726888965,273.415593,0.000000,,7695864,0,11446,30305117,0,,,
wiki_ts_200M_uint64,90437011,1.333333,,1,chained,pgm_hash_eps128_epsrec4,clamp,64,17100477271,189.087157,27503336871,304.115943,27559841328,304.740736,0.000000,,7695864,0,11446,30305117,0,,,
wiki_ts_200M_uint64,90437011,1.333333,,4,chained,pgm_hash_eps128_epsrec4,clamp,16,13146427827,145.365572,23540047960,260.292193,23505304440,259.908020,0.000000,,7695864,0,2862,27809969,80934759,,,
wiki_ts_200M_uint64,90437011,1.333333,,4,chained,pgm_hash_eps128_epsrec4,clamp,64,15846336417,175.219595,26140435605,289.045771,26058233525,288.136828,0.000000,,7695864,0,2862,27809969,80934759,,,
wiki_ts_200M_uint64,90437011,1.000000,,1,chained,radix_spline_err32_rbits18,clamp,16,6362755094,70.355654,19399500000,214.508416,19490150837,215.510781,0.000000,,15140752,0,38,15140752,0,,,
wiki_ts_200M_uint64,90437011,1.000000,,1,chained,radix_spline_err32_rbits18,clamp,64,8436225461,93.282887,22199736907,245.471811,22188765350,245.350494,0.000000,,15140752,0,38,15140752,0,,,
wiki_ts_200M_uint64,90437011,1.000000,,4,chained,radix_spline_err32_rbits18,clamp,16,7150919559,79.070720,19719059916,218.041924,19687315390,217.690912,0.000000,,15140752,0,10,14133237,41392196,,,
wiki_ts_200M_uint64,90437011,1.000000,,4,chained,radix_spline_err32_rbits18,clamp,64,9334216727,103.212353,23071380234,255.109938,23026856906,254.617624,0.000000,,15140752,0,10,14133237,41392196,,,
wiki_ts_200M_uint64,90437011,1.000000,,1,chained,pgm_hash_eps128_epsrec0,clamp,16,11078189546,122.496193,22377382491,247.436113,22396593260,247.648535,0.000000,,15699596,0,11445,15699596,0,,,
wiki_ts_200M_uint64,90437011,1.000000,,1,chained,pgm_hash_eps128_epsrec0,clamp,64,13534219096,149.653543,25749332076,284.721175,25758232011,284.819586,0.000000,,15699596,0,11445,15699596,0,,,
wiki_ts_200M_uint64,90437011,1.000000,,4,chained,pgm_hash_eps128_epsrec0,clamp,16,10305872891,113.956363,21202853662,234.448855,21277131314,235.270174,0.000000,,15699596,0,2862,14545045,42480584,,,
wiki_ts_200M_uint64,90437011,1.000000,,4,chained,pgm_hash_eps128_epsrec0,clamp,64,12499057756,138.207329,23846955890,263.685803,23713609794,262.211339,0.000000,,15699596,0,2862,14545045,42480584,,,
wiki_ts_200M_uint64,90437011,1.000000,,1,chained,pgm_hash_eps128_epsrec4,clamp,16,12569139656,138.982254,22846618095,252.624648,22915145045,253.382380,0.000000,,15699596,0,11445,15699596,0,,,
wiki_ts_200M_uint64,90437011,1.000000,,1,chained,pgm_hash_eps128_epsrec4,clamp,64,14286764673,157.974755,26594229865,294.063565,26445299782,292.416783,0.000000,,15699596,0,11445,15699596,0,,,
wiki_ts_200M_uint64,90437011,1.000000,,4,chained,pgm_hash_eps128_epsrec4,clamp,16,11089308145,122.619136,21853584192,241.644255,21815438465,241.222462,0.000000,,15699596,0,2862,14545045,42480584,,,
wiki_ts_200M_uint64,90437011,1.000000,,4,chained,pgm_hash_eps128_epsrec4,clamp,64,13248263824,146.491615,24592868386,271.933671,24483353690,270.722721,0.000000,,15699596,0,2862,14545045,42480584,,,
wiki_ts_200M_uint64,90437011,0.800000,,1,chained,radix_spline_err32_rbits18,clamp,16,5908443273,65.332138,18159975612,200.802475,18139383160,200.574775,0.000000,,28198096,0,28,5588844,0,,,
wiki_ts_200M_uint64,90437011,0.800000,,1,chained,radix_spline_err32_rbits18,clamp,64,8234829791,91.055970,21732802511,240.308722,21661114276,239.516035,0.000000,,28198096,0,28,5588844,0,,,
wiki_ts_200M_uint64,90437011,0.800000,,4,chained,radix_spline_err32_rbits18,clamp,16,5639601622,62.359443,18364591796,203.065002,18437788010,203.874363,0.000000,,28198096,0,7,5025516,14513220,,,
wiki_ts_200M_uint64,90437011,0.800000,,4,chained,radix_spline_err32_rbits18,clamp,64,8361743588,92.459309,22550549500,249.350894,22499117855,248.782192,0.000000,,28198096,0,7,5025516,14513220,,,
wiki_ts_200M_uint64,90437011,0.800000,,1,chained,pgm_hash_eps128_epsrec0,clamp,16,9641473336,106.609819,20828859842,230.313448,20860943546,230.668211,0.000000,,28816225,0,11445,6206973,0,,,
wiki_ts_200M_uint64,90437011,0.800000,,1,chained,pgm_hash_eps128_epsrec0,clamp,64,11981734463,132.487068,24538331352,271.330632,24423380073,270.059567,0.000000,,28816225,0,11445,6206973,0,,,
wiki_ts_200M_uint64,90437011,0.800000,,4,chained,pgm_hash_eps128_epsrec0,clamp,16,8693614178,96.128942,19787292621,218.796402,19849944127,219.489166,0.000000,,28816225,0,2862,5566590,16059387,,,
wiki_ts_200M_uint64,90437011,0.800000,,4,chained,pgm_hash_eps128_epsrec0,clamp,64,10895458633,120.475660,22971196735,254.002167,22884750366,253.046293,0.000000,,28816225,0,2862,5566590,16059387,,,
wiki_ts_200M_uint64,90437011,0.800000,,1,chained,pgm_hash_eps128_epsrec4,clamp,16,11120181454,122.960515,21520102909,237.956813,21556872433,238.363389,0.000000,,28816225,0,11445,6206973,0,,,
wiki_ts_200M_uint64,90437011,0.800000,,1,chained,pgm_hash_eps128_epsrec4,clamp,64,12656285901,139.945867,25289212362,279.633439,25168251904,278.295928,0.000000,,28816225,0,11445,6206973,0,,,
wiki_ts_200M_uint64,90437011,0.800000,,4,chained,pgm_hash_eps128_epsrec4,clamp,16,9499551256,105.040527,20458995036,226.223698,20496983706,226.643754,0.000000,,28816225,0,2862,5566590,16059387,,,
wiki_ts_200M_uint64,90437011,0.800000,,4,chained,pgm_hash_eps128_epsrec4,clamp,64,11493767137,127.091409,23652393990,261.534451,23581874416,260.754686,0.000000,,28816225,0,2862,5566590,16059387,,,
fb_200M_uint64,200000000,1.333333,,1,chained,radix_spline_err32_rbits18,clamp,16,257803034664,1289.015173,272258565320,1361.292827,272195889609,1360.979448,0.000000,,102024367,0,225,152024366,0,,,
fb_200M_uint64,200000000,1.333333,,1,chained,radix_spline_err32_rbits18,clamp,64,314415830405,1572.079152,325962060739,1629.810304,325931720677,1629.658603,0.000000,,102024367,0,225,152024366,0,,,
fb_200M_uint64,200000000,1.333333,,4,chained,radix_spline_err32_rbits18,clamp,16,111223497890,556.117489,127192828637,635.964143,127321299167,636.606496,0.000000,,102024367,0,57,49135380,44517154,,,
fb_200M_uint64,200000000,1.333333,,4,chained,radix_spline_err32_rbits18,clamp,64,141878180335,709.390902,158956669131,794.783346,158926264072,794.631320,0.000000,,102024367,0,57,49135380,44517154,,,
fb_200M_uint64,200000000,1.333333,,1,chained,pgm_hash_eps128_epsrec0,clamp,16,252167324986,1260.836625,269328921157,1346.644606,269349217687,1346.746088,0.000000,,102353651,0,200,152353650,0,,,
fb_200M_uint64,200000000,1.333333,,1,chained,pgm_hash_eps128_epsrec0,clamp,64,297382239946,1486.911200,318625881093,1593.129405,318619686793,1593.098434,0.000000,,102353651,0,200,152353650,0,,,
fb_200M_uint64,200000000,1.333333,,4,chained,pgm_hash_eps128_epsrec0,clamp,16,104141741765,520.708709,123610849675,618.054248,122586329765,612.931649,0.000000,,102353651,0,50,49169929,44326066,,,
fb_200M_uint64,200000000,1.333333,,4,chained,pgm_hash_eps128_epsrec0,clamp,64,137634392110,688.171961,167039596953,835.197985,169273400758,846.367004,0.000000,,102353651,0,50,49169929,44326066,,,
fb_200M_uint64,200000000,1.333333,,1,chained,pgm_hash_eps128_epsrec4,clamp,16,249008097519,1245.040488,266484857201,1332.424286,266530726147,1332.653631,0.000000,,102353651,0,200,152353650,0,,,
fb_200M_uint64,200000000,1.333333,,1,chained,pgm_hash_eps128_epsrec4,clamp,64,296700777903,1483.503890,326247092157,1631.235461,322852591027,1614.262955,0.000000,,102353651,0,200,152353650,0,,,
consecutive_200M_uint64,200000000,1.333333,,1,chained,radix_spline_err80_rbits20,clamp,16,24475686808,122.378434,48541345824,242.706729,46523252630,232.616263,0.000000,,74,0,1,50000074,0,,,
consecutive_200M_uint64,200000000,1.333333,,1,chained,radix_spline_err80_rbits20,clamp,64,31311472389,156.557362,55449812396,277.249062,55441855876,277.209279,0.000000,,74,0,1,50000074,0,,,
consecutive_200M_uint64,200000000,1.333333,,4,chained,radix_spline_err80_rbits20,clamp,16,23878738285,119.393691,46890611744,234.453059,46883100946,234.415505,0.000000,,74,0,1,50000074,150000222,,,
consecutive_200M_uint64,200000000,1.333333,,4,chained,radix_spline_err80_rbits20,clamp,64,36403599768,182.017999,58064436144,290.322181,57952586806,289.762934,0.000000,,74,0,1,50000074,150000222,,,
consecutive_200M_uint64,200000000,1.000000,,1,chained,radix_spline_err80_rbits20,clamp,16,21841980316,109.209902,40975661399,204.878307,40976507745,204.882539,0.000000,,883425,0,1,883425,0,,,
consecutive_200M_uint64,200000000,1.000000,,1,chained,radix_spline_err80_rbits20,clamp,64,31748202505,158.741013,50972207131,254.861036,50996155196,254.980776,0.000000,,883425,0,1,883425,0,,,
consecutive_200M_uint64,200000000,1.000000,,4,chained,radix_spline_err80_rbits20,clamp,16,21756824440,108.784122,41163183696,205.815918,41175949361,205.879747,0.000000,,883425,0,1,883425,2650275,,,
consecutive_200M_uint64,200000000,1.000000,,4,chained,radix_spline_err80_rbits20,clamp,64,31793641630,158.968208,52042702396,260.213512,52048529098,260.242645,0.000000,,883425,0,1,883425,2650275,,,
consecutive_200M_uint64,200000000,0.800000,,1,chained,radix_spline_err80_rbits20,clamp,16,21679063745,108.395319,41116332058,205.581660,41111323357,205.556617,0.000000,,50000000,0,0,0,0,,,
consecutive_200M_uint64,200000000,0.800000,,1,chained,radix_spline_err80_rbits20,clamp,64,32283607438,161.418037,51272728105,256.363641,51270697558,256.353488,0.000000,,50000000,0,0,0,0,,,
consecutive_200M_uint64,200000000,0.800000,,4,chained,radix_spline_err80_rbits20,clamp,16,21689401574,108.447008,40962873577,204.814368,40844427794,204.222139,0.000000,,50000000,0,0,0,0,,,
consecutive_200M_uint64,200000000,0.800000,,4,chained,radix_spline_err80_rbits20,clamp,64,31813150381,159.065752,52753589962,263.767950,52753057270,263.765286,0.000000,,50000000,0,0,0,0,,,
wiki_ts_200M_uint64,90437011,1.333333,,1,chained,radix_spline_err40_rbits24,clamp,16,18996758446,210.055134,25293995225,279.686325,25299439266,279.746522,0.000000,,7482222,0,35,30091475,0,,,
wiki_ts_200M_uint64,90437011,1.333333,,1,chained,radix_spline_err40_rbits24,clamp,64,21836209687,241.452138,29098425581,321.753508,29085277202,321.608121,0.000000,,7482222,0,35,30091475,0,,,
wiki_ts_200M_uint64,90437011,1.333333,,4,chained,radix_spline_err40_rbits24,clamp,16,18833072090,208.245185,25787471068,285.142894,25789494575,285.165269,0.000000,,7482222,0,9,27867176,81377229,,,
wiki_ts_200M_uint64,90437011,1.333333,,4,chained,radix_spline_err40_rbits24,clamp,64,23004095214,254.365939,30144209948,333.317185,30136584278,333.232865,0.000000,,7482222,0,9,27867176,81377229,,,
wiki_ts_200M_uint64,90437011,1.000000,,1,chained,radix_spline_err40_rbits24,clamp,16,18459490342,204.114335,23948541968,264.809083,23951913882,264.846368,0.000000,,15181204,0,35,15181204,0,,,
wiki_ts_200M_uint64,90437011,1.000000,,1,chained,radix_spline_err40_rbits24,clamp,64,21971221194,242.945017,28378203438,313.789710,28375744587,313.762521,0.000000,,15181204,0,35,15181204,0,,,
wiki_ts_200M_uint64,90437011,1.000000,,4,chained,radix_spline_err40_rbits24,clamp,16,18351079868,202.915595,24115962339,266.660321,24105930673,266.549396,0.000000,,15181204,0,9,14171701,41505600,,,
wiki_ts_200M_uint64,90437011,1.000000,,4,chained,radix_spline_err40_rbits24,clamp,64,22191196625,245.377378,29065709666,321.391755,29060842666,321.337938,0.000000,,15181204,0,9,14171701,41505600,,,
wiki_ts_200M_uint64,90437011,0.800000,,1,chained,radix_spline_err40_rbits24,clamp,16,18130136266,200.472529,22896278369,253.173763,22894646970,253.155724,0.000000,,28147884,0,30,5538632,0,,,
wiki_ts_200M_uint64,90437011,0.800000,,1,chained,radix_spline_err40_rbits24,clamp,64,22249471577,246.021749,27677496698,306.041701,27651151600,305.750392,0.000000,,28147884,0,30,5538632,0,,,
wiki_ts_200M_uint64,90437011,0.800000,,4,chained,radix_spline_err40_rbits24,clamp,16,18148194849,200.672210,23084207103,255.251770,23084778859,255.258092,0.000000,,28147884,0,8,4971684,14348104,,,
wiki_ts_200M_uint64,90437011,0.800000,,4,chained,radix_spline_err40_rbits24,clamp,64,22303159008,246.615393,28508108679,315.226127,28509969818,315.246706,0.000000,,28147884,0,8,4971684,14348104,,,
fb_200M_uint64,200000000,1.333333,,1,chained,radix_spline_err160_rbits20,clamp,16,235963472115,1179.817361,249788986840,1248.944934,249784083901,1248.920420,0.000000,,102283561,0,205,152283560,0,,,
fb_200M_uint64,200000000,1.333333,,1,chained,radix_spline_err160_rbits20,clamp,64,280194789994,1400.973950,295446633520,1477.233168,288279939403,1441.399697,0.000000,,102283561,0,205,152283560,0,,,
fb_200M_uint64,200000000,1.333333,,4,chained,radix_spline_err160_rbits20,clamp,16,100721534280,503.607671,116725040135,583.625201,116442277319,582.211387,0.000000,,102283561,0,52,49144906,44296064,,,
fb_200M_uint64,200000000,1.333333,,4,chained,radix_spline_err160_rbits20,clamp,64,120293400923,601.467005,139220883198,696.104416,139213076404,696.065382,0.000000,,102283561,0,52,49144906,44296064,,,
fb_200M_uint64,200000000,1.000000,,1,chained,radix_spline_err160_rbits20,clamp,16,198348062827,991.740314,216363294196,1081.816471,216355376640,1081.776883,0.000000,,145462091,0,161,145462090,0,,,
fb_200M_uint64,200000000,1.000000,,1,chained,radix_spline_err160_rbits20,clamp,64,224113404356,1120.567022,246805797794,1234.028989,246804396571,1234.021983,0.000000,,145462091,0,161,145462090,0,,,
fb_200M_uint64,200000000,1.000000,,4,chained,radix_spline_err160_rbits20,clamp,16,89099148980,445.495745,105501752562,527.508763,105483507933,527.417540,0.000000,,145462091,0,41,48347805,47929130,,,
fb_200M_uint64,200000000,1.000000,,4,chained,radix_spline_err160_rbits20,clamp,64,108544364059,542.721820,126378384466,631.891922,126228209487,631.141047,0.000000,,145462091,0,41,48347805,47929130,,,
fb_200M_uint64,200000000,0.800000,,1,chained,radix_spline_err160_rbits20,clamp,16,173452227895,867.261139,191412663316,957.063317,191369026108,956.845131,0.000000,,189876177,0,140,139876176,0,,,
fb_200M_uint64,200000000,0.800000,,1,chained,radix_spline_err160_rbits20,clamp,64,198932459049,994.662295,216475071174,1082.375356,216466793565,1082.333968,0.000000,,189876177,0,140,139876176,0,,,
fb_200M_uint64,200000000,0.800000,,4,chained,radix_spline_err160_rbits20,clamp,16,81683175876,408.415879,98527885896,492.639429,98461710965,492.308555,0.000000,,189876177,0,35,47613998,50579816,,,
fb_200M_uint64,200000000,0.800000,,4,chained,radix_spline_err160_rbits20,clamp,64,99101342895,495.506714,118371960216,591.859801,118371449544,591.857248,0.000000,,189876177,0,35,47613998,50579816,,,
gapped_1percent_200M_uint64,200000000,1.333333,,1,chained,radix_spline_err80_rbits20,clamp,16,22280487092,111.402435,44706188194,223.530941,44630310995,223.151555,0.000000,,986169,0,1,50986169,0,,,
gapped_1percent_200M_uint64,200000000,1.333333,,1,chained,radix_spline_err80_rbits20,clamp,64,29401463495,147.007317,54389357411,271.946787,54382086662,271.910433,0.000000,,986169,0,1,50986169,0,,,
gapped_1percent_200M_uint64,200000000,1.333333,,4,chained,radix_spline_err80_rbits20,clamp,16,23109898604,115.549493,45537020287,227.685101,45357754431,226.788772,0.000000,,986169,0,1,50986169,152958507,,,
gapped_1percent_200M_uint64,200000000,1.333333,,4,chained,radix_spline_err80_rbits20,clamp,64,33454978711,167.274894,59859262207,299.296311,59762238200,298.811191,0.000000,,986169,0,1,50986169,152958507,,,
gapped_1percent_200M_uint64,200000000,1.000000,,1,chained,radix_spline_err80_rbits20,clamp,16,21486669737,107.433349,41210296203,206.051481,40660975248,203.304876,0.000000,,2196010,0,1,2196010,0,,,
gapped_1percent_200M_uint64,200000000,1.000000,,1,chained,radix_spline_err80_rbits20,clamp,64,31481077510,157.405388,52268563802,261.342819,52184564824,260.922824,0.000000,,2196010,0,1,2196010,0,,,
gapped_1percent_200M_uint64,200000000,1.000000,,4,chained,radix_spline_err80_rbits20,clamp,16,23198472243,115.992361,42495898186,212.479491,40350658056,201.753290,0.000000,,2196010,0,1,2196010,6588030,,,
gapped_1percent_200M_uint64,200000000,1.000000,,4,chained,radix_spline_err80_rbits20,clamp,64,31360206294,156.801031,52466270974,262.331355,52457064145,262.285321,0.000000,,2196010,0,1,2196010,6588030,,,
gapped_1percent_200M_uint64,200000000,0.800000,,1,chained,radix_spline_err80_rbits20,clamp,16,22162874697,110.814373,43760306738,218.801534,42110758325,210.553792,0.000000,,50000000,0,0,0,0,,,
gapped_1percent_200M_uint64,200000000,0.800000,,1,chained,radix_spline_err80_rbits20,clamp,64,33818828252,169.094141,54755220726,273.776104,54654566406,273.272832,0.000000,,50000000,0,0,0,0,,,
gapped_1percent_200M_uint64,200000000,0.800000,,4,chained,radix_spline_err80_rbits20,clamp,16,24136671107,120.683356,42597530692,212.987653,41725432225,208.627161,0.000000,,50000000,0,0,0,0,,,
gapped_1percent_200M_uint64,200000000,0.800000,,4,chained,radix_spline_err80_rbits20,clamp,64,32341756428,161.708782,53711608961,268.558045,53707403738,268.537019,0.000000,,50000000,0,0,0,0,,,
gapped_10percent_200M_uint64,200000000,1.333333,,1,chained,radix_spline_err80_rbits20,clamp,16,24074014719,120.370074,45647283695,228.236418,45650113900,228.250570,0.000000,,8498218,0,1,58498218,0,,,
gapped_10percent_200M_uint64,200000000,1.333333,,1,chained,radix_spline_err80_rbits20,clamp,64,31332249000,156.661245,55869558660,279.347793,55835352224,279.176761,0.000000,,8498218,0,1,58498218,0,,,
gapped_10percent_200M_uint64,200000000,1.333333,,4,chained,radix_spline_err80_rbits20,clamp,16,24807627824,124.038139,46665930179,233.329651,46663454457,233.317272,0.000000,,8498218,0,1,58498218,175494654,,,
gapped_10percent_200M_uint64,200000000,1.333333,,4,chained,radix_spline_err80_rbits20,clamp,64,38433079337,192.165397,57912527664,289.562638,57916182940,289.580915,0.000000,,8498218,0,1,58498218,175494654,,,
gapped_10percent_200M_uint64,200000000,1.000000,,1,chained,radix_spline_err80_rbits20,clamp,16,22398904126,111.994521,43333448393,216.667242,42708048413,213.540242,0.000000,,17996330,0,1,17996330,0,,,
gapped_10percent_200M_uint64,200000000,1.000000,,1,chained,radix_spline_err80_rbits20,clamp,64,32258214411,161.291072,53065766011,265.328830,53038021454,265.190107,0.000000,,17996330,0,1,17996330,0,,,
gapped_10percent_200M_uint64,200000000,1.000000,,4,chained,radix_spline_err80_rbits20,clamp,16,22925304602,114.626523,43017331924,215.086660,43023691044,215.118455,0.000000,,17996330,0,1,17996330,53988990,,,
gapped_10percent_200M_uint64,200000000,1.000000,,4,chained,radix_spline_err80_rbits20,clamp,64,33193695176,165.968476,55446239210,277.231196,55437341488,277.186707,0.000000,,17996330,0,1,17996330,53988990,,,
gapped_10percent_200M_uint64,200000000,0.800000,,1,chained,radix_spline_err80_rbits20,clamp,16,23810812663,119.054063,42258904579,211.294523,42246083667,211.230418,0.000000,,50000000,0,0,0,0,,,
gapped_10percent_200M_uint64,200000000,0.800000,,1,chained,radix_spline_err80_rbits20,clamp,64,34324253287,171.621266,51889612305,259.448062,51883497039,259.417485,0.000000,,50000000,0,0,0,0,,,
gapped_10percent_200M_uint64,200000000,0.800000,,4,chained,radix_spline_err80_rbits20,clamp,16,23499559965,117.497800,42227757602,211.138788,42222707158,211.113536,0.000000,,50000000,0,0,0,0,,,
gapped_10percent_200M_uint64,200000000,0.800000,,4,chained,radix_spline_err80_rbits20,clamp,64,34055948465,170.279742,54066726801,270.333634,54077098243,270.385491,0.000000,,50000000,0,0,0,0,,,
consecutive_200M_uint64,200000000,0.980000,,8,cuckoo_8_balanced_kicking,radix_spline_err80_rbits20-murmur3_fin64_2,clamp-fast_modulo,16,52898887652,264.494438,57295958074,286.479790,57420312876,287.101564,0.000000,0.703657,,,,,,,,
consecutive_200M_uint64,200000000,0.980000,,8,cuckoo_8_balanced_kicking,radix_spline_err80_rbits20-murmur3_fin64_2,clamp-fast_modulo,64,79545841820,397.729209,77574566296,387.872831,76780732567,383.903663,0.000000,0.703657,,,,,,,,
consecutive_200M_uint64,200000000,0.980000,,8,cuckoo_8_biased_kicking_10,radix_spline_err80_rbits20-murmur3_fin64_2,clamp-fast_modulo,16,41862508158,209.312541,47969549033,239.847745,47973163218,239.865816,0.000000,0.999365,,,,,,,,
consecutive_200M_uint64,200000000,0.980000,,8,cuckoo_8_biased_kicking_10,radix_spline_err80_rbits20-murmur3_fin64_2,clamp-fast_modulo,64,69569380158,347.846901,60873623141,304.368116,60375188230,301.875941,0.000000,0.999365,,,,,,,,
consecutive_200M_uint64,200000000,0.950000,,8,cuckoo_8_biased_kicking_10,radix_spline_err80_rbits20-murmur3_fin64_2,clamp-fast_modulo,16,42249579486,211.247897,52093472806,260.467364,49669432116,248.347161,0.000000,0.999987,,,,,,,,
consecutive_200M_uint64,200000000,0.950000,,8,cuckoo_8_biased_kicking_10,radix_spline_err80_rbits20-murmur3_fin64_2,clamp-fast_modulo,64,69733940681,348.669703,62491411943,312.457060,62482660951,312.413305,0.000000,0.999987,,,,,,,,
wiki_ts_200M_uint64,90437011,0.980000,,8,cuckoo_8_biased_kicking_10,radix_spline_err40_rbits24-murmur3_fin64_2,clamp-fast_modulo,16,34456864928,381.004022,29010830511,320.784933,29017037944,320.853571,0.000000,0.879099,,,,,,,,
wiki_ts_200M_uint64,90437011,0.980000,,8,cuckoo_8_biased_kicking_10,radix_spline_err40_rbits24-murmur3_fin64_2,clamp-fast_modulo,64,46843452934,517.967726,34663632660,383.290340,34655514583,383.200575,0.000000,0.879099,,,,,,,,
wiki_ts_200M_uint64,90437011,0.950000,,8,cuckoo_8_biased_kicking_10,radix_spline_err40_rbits24-murmur3_fin64_2,clamp-fast_modulo,16,28034592706,309.990262,28173499426,311.526212,28174094408,311.532791,0.000000,0.908682,,,,,,,,
wiki_ts_200M_uint64,90437011,0.950000,,8,cuckoo_8_biased_kicking_10,radix_spline_err40_rbits24-murmur3_fin64_2,clamp-fast_modulo,64,40436989228,447.128767,34639811102,383.026935,34654691302,383.191471,0.000000,0.908682,,,,,,,,
fb_200M_uint64,200000000,0.980000,,8,cuckoo_8_biased_kicking_10,radix_spline_err160_rbits20-murmur3_fin64_2,clamp-fast_modulo,16,,,,,,,0.000000,,,,,,,,,
fb_200M_uint64,200000000,0.980000,,8,cuckoo_8_biased_kicking_10,radix_spline_err160_rbits20-murmur3_fin64_2,clamp-fast_modulo,64,,,,,,,0.000000,,,,,,,,,
fb_200M_uint64,200000000,0.950000,,8,cuckoo_8_biased_kicking_10,radix_spline_err160_rbits20-murmur3_fin64_2,clamp-fast_modulo,16,,,,,,,0.000000,,,,,,,,,
fb_200M_uint64,200000000,0.950000,,8,cuckoo_8_biased_kicking_10,radix_spline_err160_rbits20-murmur3_fin64_2,clamp-fast_modulo,64,,,,,,,0.000000,,,,,,,,,
gapped_1percent_200M_uint64,200000000,0.980000,,8,cuckoo_8_biased_kicking_10,radix_spline_err80_rbits20-murmur3_fin64_2,clamp-fast_modulo,16,42288861207,211.444306,48789105920,243.945530,48790265289,243.951326,0.000000,0.997303,,,,,,,,
gapped_1percent_200M_uint64,200000000,0.980000,,8,cuckoo_8_biased_kicking_10,radix_spline_err80_rbits20-murmur3_fin64_2,clamp-fast_modulo,64,71146914067,355.734570,62823648511,314.118243,62826515414,314.132577,0.000000,0.997303,,,,,,,,
gapped_1percent_200M_uint64,200000000,0.950000,,8,cuckoo_8_biased_kicking_10,radix_spline_err80_rbits20-murmur3_fin64_2,clamp-fast_modulo,16,42125855145,210.629276,48877667198,244.388336,48880433156,244.402166,0.000000,0.999968,,,,,,,,
gapped_1percent_200M_uint64,200000000,0.950000,,8,cuckoo_8_biased_kicking_10,radix_spline_err80_rbits20-murmur3_fin64_2,clamp-fast_modulo,64,70953325151,354.766626,79267499046,396.337495,70316946139,351.584731,0.000000,0.999968,,,,,,,,
